[1,["baxUup5Q1MipJiE8kxDns6","8cjcEPUmVOCp3qMSb0fCPf"],0,[["sp.SkeletonData",["_name","_atlasText","textureNames","_skeletonJson","textures"],-1,3]],[[0,0,1,2,3,4,5]],[[0,"bom68 logo","\nbom68 logo.png\nsize: 2048,2048\nformat: RGBA8888\nfilter: Linear,Linear\nrepeat: none\n0\n  rotate: true\n  xy: 0, 1171\n  size: 291, 315\n  orig: 291, 315\n  offset: 0, 0\n  index: -1\n6\n  rotate: true\n  xy: 1159, 1367\n  size: 226, 313\n  orig: 226, 313\n  offset: 0, 0\n  index: -1\n8\n  rotate: true\n  xy: 1472, 1356\n  size: 237, 315\n  orig: 237, 315\n  offset: 0, 0\n  index: -1\nLayer_5\n  rotate: false\n  xy: 158, 1485\n  size: 109, 108\n  orig: 109, 108\n  offset: 0, 0\n  index: -1\nb\n  rotate: false\n  xy: 1787, 1269\n  size: 256, 324\n  orig: 256, 324\n  offset: 0, 0\n  index: -1\nbai\n  rotate: true\n  xy: 0, 151\n  size: 539, 541\n  orig: 539, 541\n  offset: 0, 0\n  index: -1\nbom 2\n  rotate: true\n  xy: 407, 1378\n  size: 215, 231\n  orig: 215, 231\n  offset: 0, 0\n  index: -1\nbom 3\n  rotate: true\n  xy: 267, 1462\n  size: 131, 140\n  orig: 131, 140\n  offset: 0, 0\n  index: -1\nbom1\n  rotate: true\n  xy: 315, 1071\n  size: 304, 326\n  orig: 304, 326\n  offset: 0, 0\n  index: -1\nchip\n  rotate: false\n  xy: 1261, 544\n  size: 602, 387\n  orig: 602, 387\n  offset: 0, 0\n  index: -1\nkhieng\n  rotate: true\n  xy: 541, 0\n  size: 690, 718\n  orig: 690, 718\n  offset: 0, 0\n  index: -1\nlogo bom 68\n  rotate: false\n  xy: 0, 690\n  size: 1261, 363\n  orig: 1261, 363\n  offset: 0, 0\n  index: -1\nm\n  rotate: false\n  xy: 1061, 1053\n  size: 334, 314\n  orig: 334, 314\n  offset: 0, 0\n  index: -1\nmin 1\n  rotate: false\n  xy: 641, 1060\n  size: 420, 313\n  orig: 420, 313\n  offset: 0, 0\n  index: -1\nmin 2\n  rotate: false\n  xy: 865, 1373\n  size: 294, 220\n  orig: 294, 220\n  offset: 0, 0\n  index: -1\nstar 2\n  rotate: false\n  xy: 0, 1515\n  size: 79, 78\n  orig: 79, 78\n  offset: 0, 0\n  index: -1\nstar3\n  rotate: false\n  xy: 79, 1515\n  size: 79, 78\n  orig: 79, 78\n  offset: 0, 0\n  index: -1\nvuong niem\n  rotate: true\n  xy: 1395, 931\n  size: 425, 351\n  orig: 425, 351\n  offset: 0, 0\n  index: -1\nxuc xac\n  rotate: true\n  xy: 638, 1375\n  size: 218, 227\n  orig: 218, 227\n  offset: 0, 0\n  index: -1\n\nbom68 logo2.png\nsize: 2048,2048\nformat: RGBA8888\nfilter: Linear,Linear\nrepeat: none\nbackgroud\n  rotate: false\n  xy: 0, 0\n  size: 1315, 1287\n  orig: 1315, 1287\n  offset: 0, 0\n  index: -1\n",["bom68 logo.png","bom68 logo2.png"],{"skeleton":{"hash":"Bdwv+h1HMqSxjhOeXvwjuqtjTAA","spine":"3.8.75","x":-713.6,"y":170.77,"width":1380,"height":1287,"images":"../images/","audio":"D:/HUNG 222222222222/KHACH LE/KANTE/logo bom 68/bom 68 logo"},"bones":[{"name":"root"},{"name":"bone","parent":"root","x":-5.01,"y":-3.37},{"name":"bone2","parent":"bone","x":2.76,"y":151.69},{"name":"bone3","parent":"bone2","x":4.36,"y":-3.43},{"name":"chip","parent":"bone3","x":-17.6,"y":268.4},{"name":"bom1","parent":"bone2","x":400.36,"y":273.77},{"name":"min 1","parent":"bone2","x":-435.64,"y":284.77},{"name":"bom 3","parent":"bone2","x":-534.64,"y":368.37},{"name":"star 2","parent":"bone2","x":-283.84,"y":1162.57},{"name":"Layer_5","parent":"bone2","x":389.36,"y":1147.17},{"name":"star3","parent":"bone2","x":-132.04,"y":773.17},{"name":"xuc xac","parent":"bone2","x":127.99,"y":869.97},{"name":"bai","parent":"bone2","x":222.84,"y":992.18},{"name":"backgroud","parent":"bone2","x":40.44,"y":654.74},{"name":"vuong niem","parent":"bone2","x":-362.66,"y":873.62},{"name":"logo bom 68","parent":"bone2","x":-32.52,"y":600.02},{"name":"bom 2","parent":"bone2","x":559.22,"y":824.99},{"name":"min 2","parent":"bone2","x":339.23,"y":794.75}],"slots":[{"name":"backgroud","bone":"backgroud","attachment":"backgroud"},{"name":"bai","bone":"bai","attachment":"bai"},{"name":"khieng","bone":"root","attachment":"khieng"},{"name":"Layer_5","bone":"Layer_5","attachment":"Layer_5"},{"name":"star 2","bone":"star 2","attachment":"star 2"},{"name":"xuc xac","bone":"xuc xac","attachment":"xuc xac"},{"name":"vuong niem","bone":"vuong niem","attachment":"vuong niem"},{"name":"min 1","bone":"min 1","attachment":"min 1"},{"name":"min 2","bone":"min 2","attachment":"min 2"},{"name":"chip","bone":"chip","attachment":"chip"},{"name":"logo bom 68","bone":"logo bom 68","attachment":"logo bom 68"},{"name":"8","bone":"root","attachment":"8"},{"name":"6","bone":"root","attachment":"6"},{"name":"m","bone":"root","attachment":"m"},{"name":"0","bone":"root","attachment":"0"},{"name":"b","bone":"root","attachment":"b"},{"name":"bom 2","bone":"bom 2","attachment":"bom 2"},{"name":"bom 3","bone":"bom 3","attachment":"bom 3"},{"name":"bom1","bone":"bom1","attachment":"bom1"},{"name":"star3","bone":"star3","attachment":"star3"}],"skins":[{"name":"default","attachments":{"0":{"0":{"x":-274.1,"y":766.27,"width":291,"height":315}},"6":{"6":{"x":269.4,"y":761.27,"width":226,"height":313}},"8":{"8":{"x":479.9,"y":734.27,"width":237,"height":315}},"xuc xac":{"xuc xac":{"x":-5.34,"y":-15.02,"width":218,"height":227}},"min 2":{"min 2":{"x":17.43,"y":-0.3,"width":294,"height":220}},"bai":{"bai":{"x":-17.69,"y":-174.23,"width":539,"height":541}},"chip":{"chip":{"x":-10.11,"y":-1.02,"width":602,"height":387}},"bom 2":{"bom 2":{"x":1.93,"y":-2.04,"width":215,"height":231}},"bom 3":{"bom 3":{"x":4.79,"y":-0.92,"width":131,"height":140}},"vuong niem":{"vuong niem":{"x":-20.19,"y":-4.67,"width":425,"height":351}},"star3":{"star3":{"x":-0.81,"y":-1.72,"width":79,"height":78}},"b":{"b":{"x":-534.6,"y":729.77,"width":256,"height":324}},"min 1":{"min 1":{"x":71.29,"y":14.18,"width":420,"height":313}},"star 2":{"star 2":{"x":7.99,"y":-2.12,"width":79,"height":78}},"Layer_5":{"Layer_5":{"x":0.79,"y":-6.72,"width":109,"height":108}},"backgroud":{"backgroud":{"x":-94.29,"y":11.21,"width":1315,"height":1287}},"m":{"m":{"x":12.4,"y":773.77,"width":334,"height":314}},"bom1":{"bom1":{"x":9.29,"y":0.68,"width":304,"height":326}},"khieng":{"khieng":{"x":12.4,"y":660.77,"width":690,"height":718}},"logo bom 68":{"logo bom 68":{"x":2.67,"y":0.93,"width":1261,"height":363}}}}],"animations":{"animation":{"slots":{"0":{"color":[{"color":"ffffff00"},{"time":1.1333,"color":"ffffff00"},{"time":1.3,"color":"ffffffff"},{"time":1.4667,"color":"ffffff00"}]},"6":{"color":[{"color":"ffffff00"},{"time":1.4667,"color":"ffffff00"},{"time":1.6333,"color":"ffffffff"},{"time":1.8,"color":"ffffff00"}]},"8":{"color":[{"color":"ffffff00"},{"time":1.6333,"color":"ffffff00"},{"time":1.8,"color":"ffffffff"},{"time":1.9667,"color":"ffffff00"}]},"bom 2":{"color":[{"time":0.6333,"color":"ffffffff"},{"time":1.3333,"color":"ffffff00"}]},"bom 3":{"color":[{"time":0.9,"color":"ffffffff"},{"time":1.1,"color":"ffffff00"}]},"m":{"color":[{"color":"ffffff00"},{"time":1.3,"color":"ffffff00"},{"time":1.4667,"color":"ffffffff"},{"time":1.6333,"color":"ffffff00"}]},"b":{"color":[{"color":"ffffff00"},{"time":0.9667,"color":"ffffff00"},{"time":1.1333,"color":"ffffffff"},{"time":1.3,"color":"ffffff00"}]},"star 2":{"color":[{"time":0.6667,"color":"ffffffff"},{"time":1.1,"color":"ffffff00"}]},"bom1":{"color":[{"time":0.6333,"color":"ffffffff"},{"time":1.1,"color":"ffffff00"}]},"star3":{"color":[{"time":0.8667,"color":"ffffffff"},{"time":1.3,"color":"ffffff00"}]},"Layer_5":{"color":[{"time":0.6333,"color":"ffffffff"},{"time":1.1,"color":"ffffff00"}]}},"bones":{"vuong niem":{"translate":[{},{"time":1.5,"y":28.28},{"time":3}]},"min 1":{"translate":[{},{"time":0.0667,"x":-28.28},{"time":0.1333},{"time":0.2,"x":-28.28},{"time":0.2667},{"time":0.3333,"x":-28.28},{"time":0.4},{"time":0.4667,"x":-28.28},{"time":0.5333}]},"bom 3":{"scale":[{"x":0.01,"y":0.01,"curve":"stepped"},{"time":0.6333,"x":0.01,"y":0.01},{"time":0.9}]},"bom1":{"scale":[{"x":0.01,"y":0.01,"curve":"stepped"},{"time":0.6333,"x":0.01,"y":0.01},{"time":0.9}]},"bom 2":{"scale":[{"x":0.01,"y":0.01,"curve":"stepped"},{"time":0.6333,"x":0.01,"y":0.01},{"time":0.9}]},"chip":{"translate":[{},{"time":1.5,"y":20.7},{"time":3}]},"xuc xac":{"rotate":[{},{"time":1,"angle":120},{"time":2,"angle":-120},{"time":3}],"translate":[{},{"time":1,"y":59.52},{"time":2,"y":18.12},{"time":3}]},"min 2":{"translate":[{},{"time":0.0667,"x":-28.28},{"time":0.1333},{"time":0.2,"x":-28.28},{"time":0.2667},{"time":0.3333,"x":-28.28},{"time":0.4},{"time":0.4667,"x":-28.28},{"time":0.5333}]},"star 2":{"scale":[{"x":0.01,"y":0.01,"curve":"stepped"},{"time":0.6333,"x":0.01,"y":0.01},{"time":0.9}]},"Layer_5":{"scale":[{"x":0.01,"y":0.01,"curve":"stepped"},{"time":0.6333,"x":0.01,"y":0.01},{"time":0.9}]},"star3":{"scale":[{"x":0.01,"y":0.01,"curve":"stepped"},{"time":0.6333,"x":0.01,"y":0.01},{"time":0.9}]},"bai":{"translate":[{},{"time":1.5,"y":15.53},{"time":3}]},"backgroud":{"scale":[{"x":0.01,"y":0.01},{"time":0.6667}]},"logo bom 68":{"scale":[{},{"time":0.3333,"x":1.02,"y":1.02},{"time":0.9}]}}}}},[0,1]]],0,0,[0,0],[-1,-2],[0,1]]